<?xml version="1.0" encoding="UTF-8"?>
<metadata xml:lang="en"><Esri><CreaDate>20190316</CreaDate><CreaTime>15224400</CreaTime><ArcGISFormat>1.0</ArcGISFormat><SyncOnce>FALSE</SyncOnce><DataProperties><lineage><Process Name="Delete Features" ToolSource="c:\program files (x86)\arcgis\desktop10.1\ArcToolbox\Toolboxes\Data Management Tools.tbx\DeleteFeatures" Date="20140115" Time="163857">DeleteFeatures WBDHU12_Layer</Process><Process Name="Append (2)" ToolSource="c:\program files (x86)\arcgis\desktop10.1\ArcToolbox\Toolboxes\Data Management Tools.tbx\Append" Date="20140115" Time="164725">Append C:\Projects\WBD\WBD1904.gdb\HUC12_STRUCTURE "Database Connections\Sde26onP WBD2 Version.sde\WBD2.WBD\WBD2.WBDHU12" NO_TEST "TNMID "TNMID" true true false 40 Text 0 0 ,First,#,C:\Projects\WBD\WBD1904.gdb\HUC12_STRUCTURE,TNMID,-1,-1;METASOURCEID "METASOURCEID" true true false 40 Text 0 0 ,First,#,C:\Projects\WBD\WBD1904.gdb\HUC12_STRUCTURE,METASOURCEID,-1,-1;SOURCEDATADESC "SOURCEDATADESC" true true false 100 Text 0 0 ,First,#,C:\Projects\WBD\WBD1904.gdb\HUC12_STRUCTURE,SOURCEDATADESC,-1,-1;SOURCEORIGINATOR "SOURCEORIGINATOR" true true false 130 Text 0 0 ,First,#,C:\Projects\WBD\WBD1904.gdb\HUC12_STRUCTURE,SOURCEORIGINATOR,-1,-1;SOURCEFEATUREID "SOURCEFEATUREID" true true false 40 Text 0 0 ,First,#,C:\Projects\WBD\WBD1904.gdb\HUC12_STRUCTURE,SOURCEFEATUREID,-1,-1;LOADDATE "LOADDATE" true true false 36 Date 0 0 ,First,#,C:\Projects\WBD\WBD1904.gdb\HUC12_STRUCTURE,LOADDATE,-1,-1;GNIS_ID "GNIS_ID" true true false 4 Long 0 10 ,First,#,C:\Projects\WBD\WBD1904.gdb\HUC12_STRUCTURE,GNIS_ID,-1,-1;AREAACRES "AREAACRES" true true false 8 Double 8 38 ,First,#,C:\Projects\WBD\WBD1904.gdb\HUC12_STRUCTURE,AREAACRES,-1,-1;AREASQKM "AREASQKM" true true false 8 Double 8 38 ,First,#,C:\Projects\WBD\WBD1904.gdb\HUC12_STRUCTURE,AREASQKM,-1,-1;STATES "STATES" true true false 50 Text 0 0 ,First,#,C:\Projects\WBD\WBD1904.gdb\HUC12_STRUCTURE,STATES,-1,-1;HUC12 "HUC12" true true false 12 Text 0 0 ,First,#,C:\Projects\WBD\WBD1904.gdb\HUC12_STRUCTURE,HUC12,-1,-1;NAME "NAME" true true false 120 Text 0 0 ,First,#,C:\Projects\WBD\WBD1904.gdb\HUC12_STRUCTURE,NAME,-1,-1;HUTYPE "HUType" true true false 255 Text 0 0 ,First,#,C:\Projects\WBD\WBD1904.gdb\HUC12_STRUCTURE,HUTYPE,-1,-1;HUMOD "HUMOD" true true false 30 Text 0 0 ,First,#,C:\Projects\WBD\WBD1904.gdb\HUC12_STRUCTURE,HUMOD,-1,-1;TOHUC "TOHUC" true true false 16 Text 0 0 ,First,#,C:\Projects\WBD\WBD1904.gdb\HUC12_STRUCTURE,TOHUC,-1,-1;NONCONTRIBUTINGACRES "NONCONTRIBUTINGACRES" true true false 8 Double 8 38 ,First,#,C:\Projects\WBD\WBD1904.gdb\HUC12_STRUCTURE,NONCONTRIBUTINGACRES,-1,-1;NONCONTRIBUTINGSQKM "NONCONTRIBUTINGSQKM" true true false 8 Double 8 38 ,First,#,C:\Projects\WBD\WBD1904.gdb\HUC12_STRUCTURE,NONCONTRIBUTINGSQKM,-1,-1;GLOBALID "GLOBALID" false false true 38 GlobalID 0 0 ,First,#;SHAPE.AREA "SHAPE.AREA" false false true 0 Double 0 0 ,First,#;SHAPE.LEN "SHAPE.LEN" false false true 0 Double 0 0 ,First,#" #</Process><Process Name="Delete Features" ToolSource="c:\program files (x86)\arcgis\desktop10.1\ArcToolbox\Toolboxes\Data Management Tools.tbx\DeleteFeatures" Date="20140305" Time="160816">DeleteFeatures WBDHU12_Layer</Process><Process Name="Append (2)" ToolSource="c:\program files (x86)\arcgis\desktop10.1\ArcToolbox\Toolboxes\Data Management Tools.tbx\Append" Date="20140306" Time="083314">Append C:\Projects\WBD\WBD1904.gdb\HUC12_STRUCTURE "Database Connections\Sde26onP WBD2 Version.sde\WBD2.WBD\WBD2.WBDHU12" NO_TEST "TNMID "TNMID" true true false 40 Text 0 0 ,First,#,C:\Projects\WBD\WBD1904.gdb\HUC12_STRUCTURE,TNMID,-1,-1;METASOURCEID "METASOURCEID" true true false 40 Text 0 0 ,First,#,C:\Projects\WBD\WBD1904.gdb\HUC12_STRUCTURE,METASOURCEID,-1,-1;SOURCEDATADESC "SOURCEDATADESC" true true false 100 Text 0 0 ,First,#,C:\Projects\WBD\WBD1904.gdb\HUC12_STRUCTURE,SOURCEDATADESC,-1,-1;SOURCEORIGINATOR "SOURCEORIGINATOR" true true false 130 Text 0 0 ,First,#,C:\Projects\WBD\WBD1904.gdb\HUC12_STRUCTURE,SOURCEORIGINATOR,-1,-1;SOURCEFEATUREID "SOURCEFEATUREID" true true false 40 Text 0 0 ,First,#,C:\Projects\WBD\WBD1904.gdb\HUC12_STRUCTURE,SOURCEFEATUREID,-1,-1;LOADDATE "LOADDATE" true true false 36 Date 0 0 ,First,#,C:\Projects\WBD\WBD1904.gdb\HUC12_STRUCTURE,LOADDATE,-1,-1;GNIS_ID "GNIS_ID" true true false 4 Long 0 10 ,First,#,C:\Projects\WBD\WBD1904.gdb\HUC12_STRUCTURE,GNIS_ID,-1,-1;AREAACRES "AREAACRES" true true false 8 Double 8 38 ,First,#,C:\Projects\WBD\WBD1904.gdb\HUC12_STRUCTURE,AREAACRES,-1,-1;AREASQKM "AREASQKM" true true false 8 Double 8 38 ,First,#,C:\Projects\WBD\WBD1904.gdb\HUC12_STRUCTURE,AREASQKM,-1,-1;STATES "STATES" true true false 50 Text 0 0 ,First,#,C:\Projects\WBD\WBD1904.gdb\HUC12_STRUCTURE,STATES,-1,-1;HUC12 "HUC12" true true false 12 Text 0 0 ,First,#,C:\Projects\WBD\WBD1904.gdb\HUC12_STRUCTURE,HUC12,-1,-1;NAME "NAME" true true false 120 Text 0 0 ,First,#,C:\Projects\WBD\WBD1904.gdb\HUC12_STRUCTURE,NAME,-1,-1;HUTYPE "HUType" true true false 255 Text 0 0 ,First,#,C:\Projects\WBD\WBD1904.gdb\HUC12_STRUCTURE,HUTYPE,-1,-1;HUMOD "HUMOD" true true false 30 Text 0 0 ,First,#,C:\Projects\WBD\WBD1904.gdb\HUC12_STRUCTURE,HUMOD,-1,-1;TOHUC "TOHUC" true true false 16 Text 0 0 ,First,#,C:\Projects\WBD\WBD1904.gdb\HUC12_STRUCTURE,TOHUC,-1,-1;NONCONTRIBUTINGACRES "NONCONTRIBUTINGACRES" true true false 8 Double 8 38 ,First,#,C:\Projects\WBD\WBD1904.gdb\HUC12_STRUCTURE,NONCONTRIBUTINGACRES,-1,-1;NONCONTRIBUTINGSQKM "NONCONTRIBUTINGSQKM" true true false 8 Double 8 38 ,First,#,C:\Projects\WBD\WBD1904.gdb\HUC12_STRUCTURE,NONCONTRIBUTINGSQKM,-1,-1;GLOBALID "GLOBALID" false false true 38 GlobalID 0 0 ,First,#;SHAPE.AREA "SHAPE.AREA" false false true 0 Double 0 0 ,First,#;SHAPE.LEN "SHAPE.LEN" false false true 0 Double 0 0 ,First,#" #</Process><Process Name="Delete Features" ToolSource="c:\program files (x86)\arcgis\desktop10.1\ArcToolbox\Toolboxes\Data Management Tools.tbx\DeleteFeatures" Date="20140306" Time="102106">DeleteFeatures WBDHU12_Layer</Process><Process Name="Append (2)" ToolSource="c:\program files (x86)\arcgis\desktop10.1\ArcToolbox\Toolboxes\Data Management Tools.tbx\Append" Date="20140306" Time="103621">Append C:\Projects\WBD\WBD1904.gdb\HUC12_STRUCTURE "Database Connections\Sde26onP WBD2 Version.sde\WBD2.WBD\WBD2.WBDHU12" NO_TEST "TNMID "TNMID" true true false 40 Text 0 0 ,First,#,C:\Projects\WBD\WBD1904.gdb\HUC12_STRUCTURE,TNMID,-1,-1;METASOURCEID "METASOURCEID" true true false 40 Text 0 0 ,First,#,C:\Projects\WBD\WBD1904.gdb\HUC12_STRUCTURE,METASOURCEID,-1,-1;SOURCEDATADESC "SOURCEDATADESC" true true false 100 Text 0 0 ,First,#,C:\Projects\WBD\WBD1904.gdb\HUC12_STRUCTURE,SOURCEDATADESC,-1,-1;SOURCEORIGINATOR "SOURCEORIGINATOR" true true false 130 Text 0 0 ,First,#,C:\Projects\WBD\WBD1904.gdb\HUC12_STRUCTURE,SOURCEORIGINATOR,-1,-1;SOURCEFEATUREID "SOURCEFEATUREID" true true false 40 Text 0 0 ,First,#,C:\Projects\WBD\WBD1904.gdb\HUC12_STRUCTURE,SOURCEFEATUREID,-1,-1;LOADDATE "LOADDATE" true true false 36 Date 0 0 ,First,#,C:\Projects\WBD\WBD1904.gdb\HUC12_STRUCTURE,LOADDATE,-1,-1;GNIS_ID "GNIS_ID" true true false 4 Long 0 10 ,First,#,C:\Projects\WBD\WBD1904.gdb\HUC12_STRUCTURE,GNIS_ID,-1,-1;AREAACRES "AREAACRES" true true false 8 Double 8 38 ,First,#,C:\Projects\WBD\WBD1904.gdb\HUC12_STRUCTURE,AREAACRES,-1,-1;AREASQKM "AREASQKM" true true false 8 Double 8 38 ,First,#,C:\Projects\WBD\WBD1904.gdb\HUC12_STRUCTURE,AREASQKM,-1,-1;STATES "STATES" true true false 50 Text 0 0 ,First,#,C:\Projects\WBD\WBD1904.gdb\HUC12_STRUCTURE,STATES,-1,-1;HUC12 "HUC12" true true false 12 Text 0 0 ,First,#,C:\Projects\WBD\WBD1904.gdb\HUC12_STRUCTURE,HUC12,-1,-1;NAME "NAME" true true false 120 Text 0 0 ,First,#,C:\Projects\WBD\WBD1904.gdb\HUC12_STRUCTURE,NAME,-1,-1;HUTYPE "HUType" true true false 255 Text 0 0 ,First,#,C:\Projects\WBD\WBD1904.gdb\HUC12_STRUCTURE,HUTYPE,-1,-1;HUMOD "HUMOD" true true false 30 Text 0 0 ,First,#,C:\Projects\WBD\WBD1904.gdb\HUC12_STRUCTURE,HUMOD,-1,-1;TOHUC "TOHUC" true true false 16 Text 0 0 ,First,#,C:\Projects\WBD\WBD1904.gdb\HUC12_STRUCTURE,TOHUC,-1,-1;NONCONTRIBUTINGACRES "NONCONTRIBUTINGACRES" true true false 8 Double 8 38 ,First,#,C:\Projects\WBD\WBD1904.gdb\HUC12_STRUCTURE,NONCONTRIBUTINGACRES,-1,-1;NONCONTRIBUTINGSQKM "NONCONTRIBUTINGSQKM" true true false 8 Double 8 38 ,First,#,C:\Projects\WBD\WBD1904.gdb\HUC12_STRUCTURE,NONCONTRIBUTINGSQKM,-1,-1;GLOBALID "GLOBALID" false false true 38 GlobalID 0 0 ,First,#;SHAPE.AREA "SHAPE.AREA" false false true 0 Double 0 0 ,First,#;SHAPE.LEN "SHAPE.LEN" false false true 0 Double 0 0 ,First,#" #</Process><Process Name="Delete Features" ToolSource="c:\arcgis\desktop10.1\ArcToolbox\Toolboxes\Data Management Tools.tbx\DeleteFeatures" Date="20140312" Time="161006">DeleteFeatures WBDHU12_Layer</Process><Process Name="Append (2)" ToolSource="c:\arcgis\desktop10.1\ArcToolbox\Toolboxes\Data Management Tools.tbx\Append" Date="20140312" Time="162122">Append D:\Projects\WBD\WBD1904.gdb\HUC12_STRUCTURE "Database Connections\SueP_WBD2_Version.sde\WBD2.WBD\WBD2.WBDHU12" NO_TEST "TNMID "TNMID" true true false 40 Text 0 0 ,First,#,D:\Projects\WBD\WBD1904.gdb\HUC12_STRUCTURE,TNMID,-1,-1;METASOURCEID "METASOURCEID" true true false 40 Text 0 0 ,First,#,D:\Projects\WBD\WBD1904.gdb\HUC12_STRUCTURE,METASOURCEID,-1,-1;SOURCEDATADESC "SOURCEDATADESC" true true false 100 Text 0 0 ,First,#,D:\Projects\WBD\WBD1904.gdb\HUC12_STRUCTURE,SOURCEDATADESC,-1,-1;SOURCEORIGINATOR "SOURCEORIGINATOR" true true false 130 Text 0 0 ,First,#,D:\Projects\WBD\WBD1904.gdb\HUC12_STRUCTURE,SOURCEORIGINATOR,-1,-1;SOURCEFEATUREID "SOURCEFEATUREID" true true false 40 Text 0 0 ,First,#,D:\Projects\WBD\WBD1904.gdb\HUC12_STRUCTURE,SOURCEFEATUREID,-1,-1;LOADDATE "LOADDATE" true true false 36 Date 0 0 ,First,#,D:\Projects\WBD\WBD1904.gdb\HUC12_STRUCTURE,LOADDATE,-1,-1;GNIS_ID "GNIS_ID" true true false 4 Long 0 10 ,First,#,D:\Projects\WBD\WBD1904.gdb\HUC12_STRUCTURE,GNIS_ID,-1,-1;AREAACRES "AREAACRES" true true false 8 Double 8 38 ,First,#,D:\Projects\WBD\WBD1904.gdb\HUC12_STRUCTURE,AREAACRES,-1,-1;AREASQKM "AREASQKM" true true false 8 Double 8 38 ,First,#,D:\Projects\WBD\WBD1904.gdb\HUC12_STRUCTURE,AREASQKM,-1,-1;STATES "STATES" true true false 50 Text 0 0 ,First,#,D:\Projects\WBD\WBD1904.gdb\HUC12_STRUCTURE,STATES,-1,-1;HUC12 "HUC12" true true false 12 Text 0 0 ,First,#,D:\Projects\WBD\WBD1904.gdb\HUC12_STRUCTURE,HUC12,-1,-1;NAME "NAME" true true false 120 Text 0 0 ,First,#,D:\Projects\WBD\WBD1904.gdb\HUC12_STRUCTURE,NAME,-1,-1;HUTYPE "HUType" true true false 255 Text 0 0 ,First,#,D:\Projects\WBD\WBD1904.gdb\HUC12_STRUCTURE,HUTYPE,-1,-1;HUMOD "HUMOD" true true false 30 Text 0 0 ,First,#,D:\Projects\WBD\WBD1904.gdb\HUC12_STRUCTURE,HUMOD,-1,-1;TOHUC "TOHUC" true true false 16 Text 0 0 ,First,#,D:\Projects\WBD\WBD1904.gdb\HUC12_STRUCTURE,TOHUC,-1,-1;NONCONTRIBUTINGACRES "NONCONTRIBUTINGACRES" true true false 8 Double 8 38 ,First,#,D:\Projects\WBD\WBD1904.gdb\HUC12_STRUCTURE,NONCONTRIBUTINGACRES,-1,-1;NONCONTRIBUTINGSQKM "NONCONTRIBUTINGSQKM" true true false 8 Double 8 38 ,First,#,D:\Projects\WBD\WBD1904.gdb\HUC12_STRUCTURE,NONCONTRIBUTINGSQKM,-1,-1;GLOBALID "GLOBALID" false false true 38 GlobalID 0 0 ,First,#;SHAPE.AREA "SHAPE.AREA" false false true 0 Double 0 0 ,First,#;SHAPE.LEN "SHAPE.LEN" false false true 0 Double 0 0 ,First,#" #</Process><Process Name="Delete Features" ToolSource="c:\program files (x86)\arcgis\desktop10.1\ArcToolbox\Toolboxes\Data Management Tools.tbx\DeleteFeatures" Date="20140625" Time="100939">DeleteFeatures Original\WBDHU12ORIG</Process><Process Name="Append" ToolSource="c:\program files (x86)\arcgis\desktop10.1\ArcToolbox\Toolboxes\Data Management Tools.tbx\Append" Date="20140625" Time="103320">Append New\WBDHU12GL Original\WBDHU12ORIG NO_TEST "TNMID "TNMID" true true false 40 Text 0 0 ,First,#,D:\Projects\WBD\GreatLakeFixes.gdb\WBDHU12GL,TNMID,-1,-1;METASOURCEID "METASOURCEID" true true false 40 Text 0 0 ,First,#,D:\Projects\WBD\GreatLakeFixes.gdb\WBDHU12GL,MetaSourceID,-1,-1;SOURCEDATADESC "SOURCEDATADESC" true true false 100 Text 0 0 ,First,#,D:\Projects\WBD\GreatLakeFixes.gdb\WBDHU12GL,SourceDataDesc,-1,-1;SOURCEORIGINATOR "SOURCEORIGINATOR" true true false 130 Text 0 0 ,First,#,D:\Projects\WBD\GreatLakeFixes.gdb\WBDHU12GL,SourceOriginator,-1,-1;SOURCEFEATUREID "SOURCEFEATUREID" true true false 40 Text 0 0 ,First,#,D:\Projects\WBD\GreatLakeFixes.gdb\WBDHU12GL,SourceFeatureID,-1,-1;LOADDATE "LOADDATE" true true false 8 Date 0 0 ,First,#,D:\Projects\WBD\GreatLakeFixes.gdb\WBDHU12GL,LoadDate,-1,-1;GNIS_ID "GNIS_ID" true true false 4 Long 0 0 ,First,#,D:\Projects\WBD\GreatLakeFixes.gdb\WBDHU12GL,GNIS_ID,-1,-1;AREAACRES "AREAACRES" true true false 8 Double 0 0 ,First,#,D:\Projects\WBD\GreatLakeFixes.gdb\WBDHU12GL,AreaAcres,-1,-1;AREASQKM "AREASQKM" true true false 8 Double 0 0 ,First,#,D:\Projects\WBD\GreatLakeFixes.gdb\WBDHU12GL,AreaSqKm,-1,-1;STATES "STATES" true true false 50 Text 0 0 ,First,#,D:\Projects\WBD\GreatLakeFixes.gdb\WBDHU12GL,States,-1,-1;HUC12 "HUC12" true true false 12 Text 0 0 ,First,#,D:\Projects\WBD\GreatLakeFixes.gdb\WBDHU12GL,HUC12,-1,-1;NAME "NAME" true true false 120 Text 0 0 ,First,#,D:\Projects\WBD\GreatLakeFixes.gdb\WBDHU12GL,Name,-1,-1;HUTYPE "HUType" true true false 255 Text 0 0 ,First,#,D:\Projects\WBD\GreatLakeFixes.gdb\WBDHU12GL,HUType,-1,-1;HUMOD "HUMOD" true true false 30 Text 0 0 ,First,#,D:\Projects\WBD\GreatLakeFixes.gdb\WBDHU12GL,HUMod,-1,-1;TOHUC "TOHUC" true true false 16 Text 0 0 ,First,#,D:\Projects\WBD\GreatLakeFixes.gdb\WBDHU12GL,ToHUC,-1,-1;NONCONTRIBUTINGACRES "NONCONTRIBUTINGACRES" true true false 8 Double 0 0 ,First,#,D:\Projects\WBD\GreatLakeFixes.gdb\WBDHU12GL,NonContributingAcres,-1,-1;NONCONTRIBUTINGSQKM "NONCONTRIBUTINGSQKM" true true false 8 Double 0 0 ,First,#,D:\Projects\WBD\GreatLakeFixes.gdb\WBDHU12GL,NonContributingSqKm,-1,-1;GLOBALID "GLOBALID" false false true 38 GlobalID 0 0 ,First,#;SHAPE_Length "SHAPE_Length" false true true 8 Double 0 0 ,First,#,D:\Projects\WBD\GreatLakeFixes.gdb\WBDHU12GL,Shape_Length,-1,-1;SHAPE_Area "SHAPE_Area" false true true 8 Double 0 0 ,First,#,D:\Projects\WBD\GreatLakeFixes.gdb\WBDHU12GL,Shape_Area,-1,-1" #</Process><Process ToolSource="c:\program files (x86)\arcgis\desktop10.1\ArcToolbox\Toolboxes\Data Management Tools.tbx\CalculateField" Date="20150128" Time="132655">CalculateField WBD2.WBDHU12 TNMID [GLOBALID] VB #</Process><Process ToolSource="c:\program files (x86)\arcgis\desktop10.1\ArcToolbox\Toolboxes\Data Management Tools.tbx\CalculateField" Date="20150323" Time="131517">CalculateField WBD2.WBDHU12 TNMID [GLOBALID] VB #</Process><Process ToolSource="c:\program files (x86)\arcgis\desktop10.1\ArcToolbox\Toolboxes\Data Management Tools.tbx\CalculateField" Date="20150429" Time="115944">CalculateField WBD2.WBDHU12 TNMID [GLOBALID] VB #</Process><Process ToolSource="c:\program files (x86)\arcgis\desktop10.5\ArcToolbox\Toolboxes\Cartography Tools.tbx\SimplifyPolygon" Date="20190316" Time="152034">SimplifyPolygon HU12_SCA "E:\Water Quality\Data\HU12_SCA\hu12_simplified3.shp" POINT_REMOVE "130 Meters" "0 Unknown" RESOLVE_ERRORS NO_KEEP #</Process></lineage><itemProps><itemLocation><linkage Sync="TRUE">file://\\WFA-DXBFGH2\E$\Water Quality\Data\HU12_SCA\hu12_simplified3.shp</linkage><protocol Sync="TRUE">Local Area Network</protocol></itemLocation><itemName Sync="TRUE">hu12_simplified3</itemName><imsContentType Sync="TRUE">002</imsContentType><nativeExtBox><westBL Sync="TRUE">-179.229655</westBL><eastBL Sync="TRUE">179.856675</eastBL><southBL Sync="TRUE">-14.424695</southBL><northBL Sync="TRUE">71.439573</northBL><exTypeCode Sync="TRUE">1</exTypeCode></nativeExtBox><itemSize Sync="TRUE">0.000</itemSize></itemProps><coordRef><type Sync="TRUE">Geographic</type><geogcsn Sync="TRUE">GCS_North_American_1983</geogcsn><csUnits Sync="TRUE">Angular Unit: Degree (0.017453)</csUnits><peXml Sync="TRUE">&lt;GeographicCoordinateSystem xsi:type='typens:GeographicCoordinateSystem' xmlns:xsi='http://www.w3.org/2001/XMLSchema-instance' xmlns:xs='http://www.w3.org/2001/XMLSchema' xmlns:typens='http://www.esri.com/schemas/ArcGIS/10.5'&gt;&lt;WKT&gt;GEOGCS[&amp;quot;GCS_North_American_1983&amp;quot;,DATUM[&amp;quot;D_North_American_1983&amp;quot;,SPHEROID[&amp;quot;GRS_1980&amp;quot;,6378137.0,298.257222101]],PRIMEM[&amp;quot;Greenwich&amp;quot;,0.0],UNIT[&amp;quot;Degree&amp;quot;,0.0174532925199433],AUTHORITY[&amp;quot;EPSG&amp;quot;,4269]]&lt;/WKT&gt;&lt;XOrigin&gt;-400&lt;/XOrigin&gt;&lt;YOrigin&gt;-400&lt;/YOrigin&gt;&lt;XYScale&gt;11258999068426.238&lt;/XYScale&gt;&lt;ZOrigin&gt;-100000&lt;/ZOrigin&gt;&lt;ZScale&gt;10000&lt;/ZScale&gt;&lt;MOrigin&gt;-100000&lt;/MOrigin&gt;&lt;MScale&gt;10000&lt;/MScale&gt;&lt;XYTolerance&gt;8.9831528411952133e-009&lt;/XYTolerance&gt;&lt;ZTolerance&gt;0.001&lt;/ZTolerance&gt;&lt;MTolerance&gt;0.001&lt;/MTolerance&gt;&lt;HighPrecision&gt;true&lt;/HighPrecision&gt;&lt;LeftLongitude&gt;-180&lt;/LeftLongitude&gt;&lt;WKID&gt;4269&lt;/WKID&gt;&lt;LatestWKID&gt;4269&lt;/LatestWKID&gt;&lt;/GeographicCoordinateSystem&gt;</peXml></coordRef></DataProperties><ArcGISstyle>ISO 19139 Metadata Implementation Specification</ArcGISstyle><SyncDate>20190316</SyncDate><SyncTime>15202200</SyncTime><ModDate>20190316</ModDate><ModTime>15202200</ModTime></Esri><dataIdInfo><envirDesc Sync="TRUE"> Version 6.2 (Build 9200) ; Esri ArcGIS 10.5.0.6491</envirDesc><dataLang><languageCode value="eng" Sync="TRUE"></languageCode><countryCode value="USA" Sync="TRUE"></countryCode></dataLang><idCitation><resTitle Sync="TRUE">hu12_simplified3</resTitle><presForm><PresFormCd value="005" Sync="TRUE"></PresFormCd></presForm></idCitation><spatRpType><SpatRepTypCd value="001" Sync="TRUE"></SpatRepTypCd></spatRpType><dataExt><geoEle><GeoBndBox esriExtentType="search"><exTypeCode Sync="TRUE">1</exTypeCode><westBL Sync="TRUE">-179.229655</westBL><eastBL Sync="TRUE">179.856675</eastBL><northBL Sync="TRUE">71.439573</northBL><southBL Sync="TRUE">-14.424695</southBL></GeoBndBox></geoEle></dataExt></dataIdInfo><mdLang><languageCode value="eng" Sync="TRUE"></languageCode><countryCode value="USA" Sync="TRUE"></countryCode></mdLang><distInfo><distFormat><formatName Sync="TRUE">Shapefile</formatName></distFormat><distTranOps><transSize Sync="TRUE">0.000</transSize></distTranOps></distInfo><mdHrLv><ScopeCd value="005" Sync="TRUE"></ScopeCd></mdHrLv><mdHrLvName Sync="TRUE">dataset</mdHrLvName><refSysInfo><RefSystem><refSysID><identCode code="4269" Sync="TRUE"></identCode><idCodeSpace Sync="TRUE">EPSG</idCodeSpace><idVersion Sync="TRUE">6.12(3.0.1)</idVersion></refSysID></RefSystem></refSysInfo><spatRepInfo><VectSpatRep><geometObjs Name="hu12_simplified3"><geoObjTyp><GeoObjTypCd value="002" Sync="TRUE"></GeoObjTypCd></geoObjTyp><geoObjCnt Sync="TRUE">0</geoObjCnt></geometObjs><topLvl><TopoLevCd value="001" Sync="TRUE"></TopoLevCd></topLvl></VectSpatRep></spatRepInfo><spdoinfo><ptvctinf><esriterm Name="hu12_simplified3"><efeatyp Sync="TRUE">Simple</efeatyp><efeageom code="4" Sync="TRUE"></efeageom><esritopo Sync="TRUE">FALSE</esritopo><efeacnt Sync="TRUE">0</efeacnt><spindex Sync="TRUE">FALSE</spindex><linrefer Sync="TRUE">FALSE</linrefer></esriterm></ptvctinf></spdoinfo><eainfo><detailed Name="hu12_simplified3"><enttyp><enttypl Sync="TRUE">hu12_simplified3</enttypl><enttypt Sync="TRUE">Feature Class</enttypt><enttypc Sync="TRUE">0</enttypc></enttyp><attr><attrlabl Sync="TRUE">FID</attrlabl><attalias Sync="TRUE">FID</attalias><attrtype Sync="TRUE">OID</attrtype><attwidth Sync="TRUE">4</attwidth><atprecis Sync="TRUE">0</atprecis><attscale Sync="TRUE">0</attscale><attrdef Sync="TRUE">Internal feature number.</attrdef><attrdefs Sync="TRUE">Esri</attrdefs><attrdomv><udom Sync="TRUE">Sequential unique whole numbers that are automatically generated.</udom></attrdomv></attr><attr><attrlabl Sync="TRUE">OBJECTID</attrlabl><attalias Sync="TRUE">OBJECTID</attalias><attrtype Sync="TRUE">Integer</attrtype><attwidth Sync="TRUE">10</attwidth><atprecis Sync="TRUE">10</atprecis><attscale Sync="TRUE">0</attscale><attrdef Sync="TRUE">Internal feature number.</attrdef><attrdefs Sync="TRUE">Esri</attrdefs><attrdomv><udom Sync="TRUE">Sequential unique whole numbers that are automatically generated.</udom></attrdomv></attr><attr><attrlabl Sync="TRUE">HUC12</attrlabl><attalias Sync="TRUE">HUC12</attalias><attrtype Sync="TRUE">String</attrtype><attwidth Sync="TRUE">12</attwidth><atprecis Sync="TRUE">0</atprecis><attscale Sync="TRUE">0</attscale></attr><attr><attrlabl Sync="TRUE">NAME</attrlabl><attalias Sync="TRUE">NAME</attalias><attrtype Sync="TRUE">String</attrtype><attwidth Sync="TRUE">120</attwidth><atprecis Sync="TRUE">0</atprecis><attscale Sync="TRUE">0</attscale></attr><attr><attrlabl Sync="TRUE">SHAPE</attrlabl><attalias Sync="TRUE">Shape</attalias><attrtype Sync="TRUE">Geometry</attrtype><attwidth Sync="TRUE">0</attwidth><atprecis Sync="TRUE">0</atprecis><attscale Sync="TRUE">0</attscale><attrdef Sync="TRUE">Feature geometry.</attrdef><attrdefs Sync="TRUE">Esri</attrdefs><attrdomv><udom Sync="TRUE">Coordinates defining the features.</udom></attrdomv></attr></detailed></eainfo><mdDateSt Sync="TRUE">20190316</mdDateSt><mdChar><CharSetCd value="004" Sync="TRUE"></CharSetCd></mdChar></metadata>
